[{"model": "admin.logentry", "pk": 1, "fields": {"action_time": "2024-03-09T17:57:37.358Z", "user": 1, "content_type": 9, "object_id": "1", "object_repr": "Festival 2024", "action_flag": 1, "change_message": "[{\"added\": {}}]"}}, {"model": "admin.logentry", "pk": 2, "fields": {"action_time": "2024-03-09T17:58:13.093Z", "user": 1, "content_type": 15, "object_id": "1", "object_repr": "Radha", "action_flag": 1, "change_message": "[{\"added\": {}}]"}}, {"model": "admin.logentry", "pk": 3, "fields": {"action_time": "2024-03-09T17:58:28.498Z", "user": 1, "content_type": 15, "object_id": "2", "object_repr": "Radha", "action_flag": 1, "change_message": "[{\"added\": {}}]"}}, {"model": "admin.logentry", "pk": 4, "fields": {"action_time": "2024-03-09T17:58:43.659Z", "user": 1, "content_type": 15, "object_id": "3", "object_repr": "Radha", "action_flag": 1, "change_message": "[{\"added\": {}}]"}}, {"model": "admin.logentry", "pk": 5, "fields": {"action_time": "2024-03-10T01:20:00.231Z", "user": 1, "content_type": 6, "object_id": "2", "object_repr": "radhabudhamagar8@gmail.com", "action_flag": 2, "change_message": "[{\"changed\": {\"fields\": [\"Ph number\", \"Username\"]}}]"}}, {"model": "admin.logentry", "pk": 6, "fields": {"action_time": "2024-03-10T01:21:16.995Z", "user": 1, "content_type": 9, "object_id": "1", "object_repr": "Festival 2024", "action_flag": 2, "change_message": "[{\"changed\": {\"fields\": [\"Date time\", \"Festival\"]}}]"}}, {"model": "admin.logentry", "pk": 7, "fields": {"action_time": "2024-03-10T01:23:03.709Z", "user": 1, "content_type": 9, "object_id": "1", "object_repr": "Festival 2024", "action_flag": 2, "change_message": "[{\"changed\": {\"fields\": [\"Date time\", \"Location\"]}}]"}}, {"model": "admin.logentry", "pk": 8, "fields": {"action_time": "2024-03-10T01:27:08.030Z", "user": 1, "content_type": 9, "object_id": "2", "object_repr": "Festival 2022", "action_flag": 1, "change_message": "[{\"added\": {}}]"}}, {"model": "admin.logentry", "pk": 9, "fields": {"action_time": "2024-03-10T01:27:36.974Z", "user": 1, "content_type": 9, "object_id": "2", "object_repr": "Nepal Festival 2022", "action_flag": 2, "change_message": "[{\"changed\": {\"fields\": [\"Name\"]}}]"}}, {"model": "admin.logentry", "pk": 10, "fields": {"action_time": "2024-03-10T01:27:52.329Z", "user": 1, "content_type": 9, "object_id": "2", "object_repr": "Nepal Salsa Festival 2022", "action_flag": 2, "change_message": "[{\"changed\": {\"fields\": [\"Name\"]}}]"}}, {"model": "admin.logentry", "pk": 11, "fields": {"action_time": "2024-03-10T01:29:57.116Z", "user": 1, "content_type": 9, "object_id": "3", "object_repr": "Nepal Salsa Festival 2023", "action_flag": 1, "change_message": "[{\"added\": {}}]"}}, {"model": "admin.logentry", "pk": 12, "fields": {"action_time": "2024-03-10T01:30:37.375Z", "user": 1, "content_type": 12, "object_id": "1", "object_repr": "Nepal Salsa Festival 2022", "action_flag": 1, "change_message": "[{\"added\": {}}]"}}, {"model": "admin.logentry", "pk": 13, "fields": {"action_time": "2024-03-10T01:31:15.583Z", "user": 1, "content_type": 9, "object_id": "2", "object_repr": "Nepal Salsa Festival 2022", "action_flag": 2, "change_message": "[{\"changed\": {\"fields\": [\"Past description\"]}}]"}}, {"model": "admin.logentry", "pk": 14, "fields": {"action_time": "2024-03-10T01:32:21.244Z", "user": 1, "content_type": 10, "object_id": "1", "object_repr": "STAIN BECON", "action_flag": 1, "change_message": "[{\"added\": {}}]"}}, {"model": "admin.logentry", "pk": 15, "fields": {"action_time": "2024-03-10T01:32:45.330Z", "user": 1, "content_type": 10, "object_id": "1", "object_repr": "STAIN BECON", "action_flag": 2, "change_message": "[{\"changed\": {\"fields\": [\"Festival\"]}}]"}}, {"model": "admin.logentry", "pk": 16, "fields": {"action_time": "2024-03-10T01:33:20.392Z", "user": 1, "content_type": 10, "object_id": "2", "object_repr": "SOHIL SHAKYA", "action_flag": 1, "change_message": "[{\"added\": {}}]"}}, {"model": "admin.logentry", "pk": 17, "fields": {"action_time": "2024-03-10T01:34:34.255Z", "user": 1, "content_type": 14, "object_id": "1", "object_repr": "ALFRED TIMES", "action_flag": 1, "change_message": "[{\"added\": {}}]"}}, {"model": "admin.logentry", "pk": 18, "fields": {"action_time": "2024-03-10T01:35:57.482Z", "user": 1, "content_type": 14, "object_id": "2", "object_repr": "SAILESH PATH", "action_flag": 1, "change_message": "[{\"added\": {}}]"}}, {"model": "admin.logentry", "pk": 19, "fields": {"action_time": "2024-03-10T01:36:21.020Z", "user": 1, "content_type": 14, "object_id": "3", "object_repr": "DAVID BECKHAM", "action_flag": 1, "change_message": "[{\"added\": {}}]"}}, {"model": "admin.logentry", "pk": 20, "fields": {"action_time": "2024-03-10T01:36:56.496Z", "user": 1, "content_type": 14, "object_id": "4", "object_repr": "HARI BARAL", "action_flag": 1, "change_message": "[{\"added\": {}}]"}}, {"model": "admin.logentry", "pk": 21, "fields": {"action_time": "2024-03-10T01:39:31.706Z", "user": 1, "content_type": 11, "object_id": "1", "object_repr": "THE PUNKS", "action_flag": 1, "change_message": "[{\"added\": {}}]"}}, {"model": "admin.logentry", "pk": 22, "fields": {"action_time": "2024-03-10T01:39:53.194Z", "user": 1, "content_type": 11, "object_id": "2", "object_repr": "HOMIES", "action_flag": 1, "change_message": "[{\"added\": {}}]"}}, {"model": "admin.logentry", "pk": 23, "fields": {"action_time": "2024-03-10T01:40:12.334Z", "user": 1, "content_type": 11, "object_id": "3", "object_repr": "BOLAND", "action_flag": 1, "change_message": "[{\"added\": {}}]"}}, {"model": "admin.logentry", "pk": 24, "fields": {"action_time": "2024-03-10T01:40:33.897Z", "user": 1, "content_type": 11, "object_id": "4", "object_repr": "PRANISHA PARTH", "action_flag": 1, "change_message": "[{\"added\": {}}]"}}, {"model": "admin.logentry", "pk": 25, "fields": {"action_time": "2024-03-10T01:40:49.083Z", "user": 1, "content_type": 11, "object_id": "5", "object_repr": "RIYA SHAH", "action_flag": 1, "change_message": "[{\"added\": {}}]"}}, {"model": "admin.logentry", "pk": 26, "fields": {"action_time": "2024-03-10T01:41:09.343Z", "user": 1, "content_type": 11, "object_id": "6", "object_repr": "SOBESH JHA", "action_flag": 1, "change_message": "[{\"added\": {}}]"}}, {"model": "admin.logentry", "pk": 27, "fields": {"action_time": "2024-03-10T01:42:29.682Z", "user": 1, "content_type": 13, "object_id": "1", "object_repr": "Radha's Omelet", "action_flag": 1, "change_message": "[{\"added\": {}}]"}}, {"model": "admin.logentry", "pk": 28, "fields": {"action_time": "2024-03-10T01:42:42.645Z", "user": 1, "content_type": 13, "object_id": "2", "object_repr": "21 Robins", "action_flag": 1, "change_message": "[{\"added\": {}}]"}}, {"model": "admin.logentry", "pk": 29, "fields": {"action_time": "2024-03-10T01:42:54.403Z", "user": 1, "content_type": 13, "object_id": "3", "object_repr": "Iceky Fast", "action_flag": 1, "change_message": "[{\"added\": {}}]"}}, {"model": "admin.logentry", "pk": 30, "fields": {"action_time": "2024-03-10T01:44:12.570Z", "user": 1, "content_type": 13, "object_id": "4", "object_repr": "Riya's Roll", "action_flag": 1, "change_message": "[{\"added\": {}}]"}}, {"model": "admin.logentry", "pk": 31, "fields": {"action_time": "2024-03-10T01:44:34.197Z", "user": 1, "content_type": 13, "object_id": "5", "object_repr": "Shank Burgers", "action_flag": 1, "change_message": "[{\"added\": {}}]"}}, {"model": "admin.logentry", "pk": 32, "fields": {"action_time": "2024-03-10T01:44:48.868Z", "user": 1, "content_type": 13, "object_id": "6", "object_repr": "Ram's Biryani", "action_flag": 1, "change_message": "[{\"added\": {}}]"}}, {"model": "admin.logentry", "pk": 33, "fields": {"action_time": "2024-03-10T01:47:09.843Z", "user": 1, "content_type": 12, "object_id": "1", "object_repr": "Nepal Salsa Festival 2022", "action_flag": 2, "change_message": "[{\"changed\": {\"fields\": [\"Image\"]}}]"}}, {"model": "admin.logentry", "pk": 34, "fields": {"action_time": "2024-03-10T01:48:02.812Z", "user": 1, "content_type": 12, "object_id": "1", "object_repr": "Nepal Salsa Festival 2022", "action_flag": 2, "change_message": "[]"}}, {"model": "admin.logentry", "pk": 35, "fields": {"action_time": "2024-03-10T01:48:14.078Z", "user": 1, "content_type": 12, "object_id": "2", "object_repr": "Nepal Salsa Festival 2022", "action_flag": 1, "change_message": "[{\"added\": {}}]"}}, {"model": "admin.logentry", "pk": 36, "fields": {"action_time": "2024-03-10T01:48:31.313Z", "user": 1, "content_type": 12, "object_id": "3", "object_repr": "Nepal Salsa Festival 2022", "action_flag": 1, "change_message": "[{\"added\": {}}]"}}, {"model": "admin.logentry", "pk": 37, "fields": {"action_time": "2024-03-10T01:48:52.522Z", "user": 1, "content_type": 12, "object_id": "4", "object_repr": "Nepal Salsa Festival 2022", "action_flag": 1, "change_message": "[{\"added\": {}}]"}}, {"model": "admin.logentry", "pk": 38, "fields": {"action_time": "2024-03-10T01:49:05.494Z", "user": 1, "content_type": 12, "object_id": "5", "object_repr": "Nepal Salsa Festival 2022", "action_flag": 1, "change_message": "[{\"added\": {}}]"}}, {"model": "admin.logentry", "pk": 39, "fields": {"action_time": "2024-03-10T01:49:22.652Z", "user": 1, "content_type": 12, "object_id": "6", "object_repr": "Nepal Salsa Festival 2022", "action_flag": 1, "change_message": "[{\"added\": {}}]"}}, {"model": "admin.logentry", "pk": 40, "fields": {"action_time": "2024-03-10T01:50:01.511Z", "user": 1, "content_type": 12, "object_id": "7", "object_repr": "Nepal Salsa Festival 2023", "action_flag": 1, "change_message": "[{\"added\": {}}]"}}, {"model": "admin.logentry", "pk": 41, "fields": {"action_time": "2024-03-10T01:50:13.687Z", "user": 1, "content_type": 12, "object_id": "8", "object_repr": "Nepal Salsa Festival 2023", "action_flag": 1, "change_message": "[{\"added\": {}}]"}}, {"model": "admin.logentry", "pk": 42, "fields": {"action_time": "2024-03-10T01:50:26.451Z", "user": 1, "content_type": 12, "object_id": "9", "object_repr": "Nepal Salsa Festival 2023", "action_flag": 1, "change_message": "[{\"added\": {}}]"}}, {"model": "admin.logentry", "pk": 43, "fields": {"action_time": "2024-03-10T01:50:44.155Z", "user": 1, "content_type": 12, "object_id": "10", "object_repr": "Nepal Salsa Festival 2023", "action_flag": 1, "change_message": "[{\"added\": {}}]"}}, {"model": "admin.logentry", "pk": 44, "fields": {"action_time": "2024-03-10T01:51:03.190Z", "user": 1, "content_type": 12, "object_id": "11", "object_repr": "Nepal Salsa Festival 2023", "action_flag": 1, "change_message": "[{\"added\": {}}]"}}, {"model": "admin.logentry", "pk": 45, "fields": {"action_time": "2024-03-10T01:51:28.789Z", "user": 1, "content_type": 12, "object_id": "12", "object_repr": "Nepal Salsa Festival 2023", "action_flag": 1, "change_message": "[{\"added\": {}}]"}}, {"model": "admin.logentry", "pk": 46, "fields": {"action_time": "2024-03-10T01:56:41.797Z", "user": 1, "content_type": 15, "object_id": "3", "object_repr": "Radha", "action_flag": 2, "change_message": "[]"}}, {"model": "admin.logentry", "pk": 47, "fields": {"action_time": "2024-03-10T05:06:37.100Z", "user": 1, "content_type": 9, "object_id": "3", "object_repr": "Nepal Salsa Festival 2023", "action_flag": 2, "change_message": "[{\"changed\": {\"fields\": [\"Festival\"]}}]"}}, {"model": "admin.logentry", "pk": 48, "fields": {"action_time": "2024-03-10T05:08:42.633Z", "user": 1, "content_type": 9, "object_id": "3", "object_repr": "Nepal Salsa Festival 2023", "action_flag": 2, "change_message": "[{\"changed\": {\"fields\": [\"Festival\"]}}]"}}, {"model": "auth.permission", "pk": 1, "fields": {"name": "Can add log entry", "content_type": 1, "codename": "add_logentry"}}, {"model": "auth.permission", "pk": 2, "fields": {"name": "Can change log entry", "content_type": 1, "codename": "change_logentry"}}, {"model": "auth.permission", "pk": 3, "fields": {"name": "Can delete log entry", "content_type": 1, "codename": "delete_logentry"}}, {"model": "auth.permission", "pk": 4, "fields": {"name": "Can view log entry", "content_type": 1, "codename": "view_logentry"}}, {"model": "auth.permission", "pk": 5, "fields": {"name": "Can add permission", "content_type": 2, "codename": "add_permission"}}, {"model": "auth.permission", "pk": 6, "fields": {"name": "Can change permission", "content_type": 2, "codename": "change_permission"}}, {"model": "auth.permission", "pk": 7, "fields": {"name": "Can delete permission", "content_type": 2, "codename": "delete_permission"}}, {"model": "auth.permission", "pk": 8, "fields": {"name": "Can view permission", "content_type": 2, "codename": "view_permission"}}, {"model": "auth.permission", "pk": 9, "fields": {"name": "Can add group", "content_type": 3, "codename": "add_group"}}, {"model": "auth.permission", "pk": 10, "fields": {"name": "Can change group", "content_type": 3, "codename": "change_group"}}, {"model": "auth.permission", "pk": 11, "fields": {"name": "Can delete group", "content_type": 3, "codename": "delete_group"}}, {"model": "auth.permission", "pk": 12, "fields": {"name": "Can view group", "content_type": 3, "codename": "view_group"}}, {"model": "auth.permission", "pk": 13, "fields": {"name": "Can add content type", "content_type": 4, "codename": "add_contenttype"}}, {"model": "auth.permission", "pk": 14, "fields": {"name": "Can change content type", "content_type": 4, "codename": "change_contenttype"}}, {"model": "auth.permission", "pk": 15, "fields": {"name": "Can delete content type", "content_type": 4, "codename": "delete_contenttype"}}, {"model": "auth.permission", "pk": 16, "fields": {"name": "Can view content type", "content_type": 4, "codename": "view_contenttype"}}, {"model": "auth.permission", "pk": 17, "fields": {"name": "Can add session", "content_type": 5, "codename": "add_session"}}, {"model": "auth.permission", "pk": 18, "fields": {"name": "Can change session", "content_type": 5, "codename": "change_session"}}, {"model": "auth.permission", "pk": 19, "fields": {"name": "Can delete session", "content_type": 5, "codename": "delete_session"}}, {"model": "auth.permission", "pk": 20, "fields": {"name": "Can view session", "content_type": 5, "codename": "view_session"}}, {"model": "auth.permission", "pk": 21, "fields": {"name": "Can add user", "content_type": 6, "codename": "add_siteuser"}}, {"model": "auth.permission", "pk": 22, "fields": {"name": "Can change user", "content_type": 6, "codename": "change_siteuser"}}, {"model": "auth.permission", "pk": 23, "fields": {"name": "Can delete user", "content_type": 6, "codename": "delete_siteuser"}}, {"model": "auth.permission", "pk": 24, "fields": {"name": "Can view user", "content_type": 6, "codename": "view_siteuser"}}, {"model": "auth.permission", "pk": 25, "fields": {"name": "Can add bill", "content_type": 7, "codename": "add_bill"}}, {"model": "auth.permission", "pk": 26, "fields": {"name": "Can change bill", "content_type": 7, "codename": "change_bill"}}, {"model": "auth.permission", "pk": 27, "fields": {"name": "Can delete bill", "content_type": 7, "codename": "delete_bill"}}, {"model": "auth.permission", "pk": 28, "fields": {"name": "Can view bill", "content_type": 7, "codename": "view_bill"}}, {"model": "auth.permission", "pk": 29, "fields": {"name": "Can add bill user", "content_type": 8, "codename": "add_billuser"}}, {"model": "auth.permission", "pk": 30, "fields": {"name": "Can change bill user", "content_type": 8, "codename": "change_billuser"}}, {"model": "auth.permission", "pk": 31, "fields": {"name": "Can delete bill user", "content_type": 8, "codename": "delete_billuser"}}, {"model": "auth.permission", "pk": 32, "fields": {"name": "Can view bill user", "content_type": 8, "codename": "view_billuser"}}, {"model": "auth.permission", "pk": 33, "fields": {"name": "Can add festival", "content_type": 9, "codename": "add_festival"}}, {"model": "auth.permission", "pk": 34, "fields": {"name": "Can change festival", "content_type": 9, "codename": "change_festival"}}, {"model": "auth.permission", "pk": 35, "fields": {"name": "Can delete festival", "content_type": 9, "codename": "delete_festival"}}, {"model": "auth.permission", "pk": 36, "fields": {"name": "Can view festival", "content_type": 9, "codename": "view_festival"}}, {"model": "auth.permission", "pk": 37, "fields": {"name": "Can add emcees", "content_type": 10, "codename": "add_emcees"}}, {"model": "auth.permission", "pk": 38, "fields": {"name": "Can change emcees", "content_type": 10, "codename": "change_emcees"}}, {"model": "auth.permission", "pk": 39, "fields": {"name": "Can delete emcees", "content_type": 10, "codename": "delete_emcees"}}, {"model": "auth.permission", "pk": 40, "fields": {"name": "Can view emcees", "content_type": 10, "codename": "view_emcees"}}, {"model": "auth.permission", "pk": 41, "fields": {"name": "Can add dance performers", "content_type": 11, "codename": "add_danceperformers"}}, {"model": "auth.permission", "pk": 42, "fields": {"name": "Can change dance performers", "content_type": 11, "codename": "change_danceperformers"}}, {"model": "auth.permission", "pk": 43, "fields": {"name": "Can delete dance performers", "content_type": 11, "codename": "delete_danceperformers"}}, {"model": "auth.permission", "pk": 44, "fields": {"name": "Can view dance performers", "content_type": 11, "codename": "view_danceperformers"}}, {"model": "auth.permission", "pk": 45, "fields": {"name": "Can add festival images", "content_type": 12, "codename": "add_festivalimages"}}, {"model": "auth.permission", "pk": 46, "fields": {"name": "Can change festival images", "content_type": 12, "codename": "change_festivalimages"}}, {"model": "auth.permission", "pk": 47, "fields": {"name": "Can delete festival images", "content_type": 12, "codename": "delete_festivalimages"}}, {"model": "auth.permission", "pk": 48, "fields": {"name": "Can view festival images", "content_type": 12, "codename": "view_festivalimages"}}, {"model": "auth.permission", "pk": 49, "fields": {"name": "Can add food vendors", "content_type": 13, "codename": "add_foodvendors"}}, {"model": "auth.permission", "pk": 50, "fields": {"name": "Can change food vendors", "content_type": 13, "codename": "change_foodvendors"}}, {"model": "auth.permission", "pk": 51, "fields": {"name": "Can delete food vendors", "content_type": 13, "codename": "delete_foodvendors"}}, {"model": "auth.permission", "pk": 52, "fields": {"name": "Can view food vendors", "content_type": 13, "codename": "view_foodvendors"}}, {"model": "auth.permission", "pk": 53, "fields": {"name": "Can add musicians", "content_type": 14, "codename": "add_musicians"}}, {"model": "auth.permission", "pk": 54, "fields": {"name": "Can change musicians", "content_type": 14, "codename": "change_musicians"}}, {"model": "auth.permission", "pk": 55, "fields": {"name": "Can delete musicians", "content_type": 14, "codename": "delete_musicians"}}, {"model": "auth.permission", "pk": 56, "fields": {"name": "Can view musicians", "content_type": 14, "codename": "view_musicians"}}, {"model": "auth.permission", "pk": 57, "fields": {"name": "Can add ticket", "content_type": 15, "codename": "add_ticket"}}, {"model": "auth.permission", "pk": 58, "fields": {"name": "Can change ticket", "content_type": 15, "codename": "change_ticket"}}, {"model": "auth.permission", "pk": 59, "fields": {"name": "Can delete ticket", "content_type": 15, "codename": "delete_ticket"}}, {"model": "auth.permission", "pk": 60, "fields": {"name": "Can view ticket", "content_type": 15, "codename": "view_ticket"}}, {"model": "contenttypes.contenttype", "pk": 1, "fields": {"app_label": "admin", "model": "logentry"}}, {"model": "contenttypes.contenttype", "pk": 2, "fields": {"app_label": "auth", "model": "permission"}}, {"model": "contenttypes.contenttype", "pk": 3, "fields": {"app_label": "auth", "model": "group"}}, {"model": "contenttypes.contenttype", "pk": 4, "fields": {"app_label": "contenttypes", "model": "contenttype"}}, {"model": "contenttypes.contenttype", "pk": 5, "fields": {"app_label": "sessions", "model": "session"}}, {"model": "contenttypes.contenttype", "pk": 6, "fields": {"app_label": "authentication", "model": "siteuser"}}, {"model": "contenttypes.contenttype", "pk": 7, "fields": {"app_label": "festivals", "model": "bill"}}, {"model": "contenttypes.contenttype", "pk": 8, "fields": {"app_label": "festivals", "model": "billuser"}}, {"model": "contenttypes.contenttype", "pk": 9, "fields": {"app_label": "festivals", "model": "festival"}}, {"model": "contenttypes.contenttype", "pk": 10, "fields": {"app_label": "festivals", "model": "emcees"}}, {"model": "contenttypes.contenttype", "pk": 11, "fields": {"app_label": "festivals", "model": "danceperformers"}}, {"model": "contenttypes.contenttype", "pk": 12, "fields": {"app_label": "festivals", "model": "festivalimages"}}, {"model": "contenttypes.contenttype", "pk": 13, "fields": {"app_label": "festivals", "model": "foodvendors"}}, {"model": "contenttypes.contenttype", "pk": 14, "fields": {"app_label": "festivals", "model": "musicians"}}, {"model": "contenttypes.contenttype", "pk": 15, "fields": {"app_label": "festivals", "model": "ticket"}}, {"model": "sessions.session", "pk": "4fz8hj32m1inrxazlgmbqffs44iq16ti", "fields": {"session_data": ".eJxVjMEOwiAQRP-FsyELpaV49O43kF1YpGogKe3J-O9K0oNe5jDvzbyEx33Lfm-8-iWKs1Di9NsRhgeXDuIdy63KUMu2LiS7Ig_a5LVGfl4O9-8gY8vftdF61OTUrAxY13OKKaE1htwQkiYGSGApoYORE2hEtjQMNDMYNxnx_gC-dTdl:1rlobj:vXrh0muylVpFgHjgMNSY1ebLk1GUSl_kHjw8x_Db6ws", "expire_date": "2024-03-31T11:23:15.240Z"}}, {"model": "sessions.session", "pk": "fzyba39a0ti1wmtfxcfq1is64uw14y2k", "fields": {"session_data": ".eJxVjMEOwiAQRP-FsyELpaV49O43kF1YpGogKe3J-O9K0oNe5jDvzbyEx33Lfm-8-iWKs1Di9NsRhgeXDuIdy63KUMu2LiS7Ig_a5LVGfl4O9-8gY8vftdF61OTUrAxY13OKKaE1htwQkiYGSGApoYORE2hEtjQMNDMYNxnx_gC-dTdl:1rj1QP:H3DsnnRZNyxT0_xxnLyMEyLdVvF4M3iK_KDsO7hyMSc", "expire_date": "2024-03-23T18:28:01.460Z"}}, {"model": "sessions.session", "pk": "int6kz7szaxlh3ptrrblcdztvf5afygy", "fields": {"session_data": ".eJxVjMEOwiAQRP-FsyELpaV49O43kF1YpGogKe3J-O9K0oNe5jDvzbyEx33Lfm-8-iWKs1Di9NsRhgeXDuIdy63KUMu2LiS7Ig_a5LVGfl4O9-8gY8vftdF61OTUrAxY13OKKaE1htwQkiYGSGApoYORE2hEtjQMNDMYNxnx_gC-dTdl:1rj1QO:rUNVu2s-6WumfLslt2XsDugrDINIkhN3skbjO1ccEs4", "expire_date": "2024-03-23T18:28:00.810Z"}}, {"model": "sessions.session", "pk": "t2vwt2ev5qkk21vd08w26isnuowssjnt", "fields": {"session_data": ".eJxVjMEOwiAQRP-FsyELpaV49O43kF1YpGogKe3J-O9K0oNe5jDvzbyEx33Lfm-8-iWKs1Di9NsRhgeXDuIdy63KUMu2LiS7Ig_a5LVGfl4O9-8gY8vftdF61OTUrAxY13OKKaE1htwQkiYGSGApoYORE2hEtjQMNDMYNxnx_gC-dTdl:1rj1Dm:jGOoIc5I6dAO1c9N9QnHxSS17ucjtyDsJNGFMiQEKns", "expire_date": "2024-03-23T18:14:58.339Z"}}, {"model": "sessions.session", "pk": "tbah1jtefuyxmckd4l33bf1ttobt9o6v", "fields": {"session_data": ".eJxVjMEOwiAQRP-FsyELpaV49O43kF1YpGogKe3J-O9K0oNe5jDvzbyEx33Lfm-8-iWKs1Di9NsRhgeXDuIdy63KUMu2LiS7Ig_a5LVGfl4O9-8gY8vftdF61OTUrAxY13OKKaE1htwQkiYGSGApoYORE2hEtjQMNDMYNxnx_gC-dTdl:1rj8OA:7sjxTVf2SHeD7NftabVgk_LKd8FA5aul2LCTaaOnOTg", "expire_date": "2024-03-24T01:54:10.609Z"}}, {"model": "authentication.siteuser", "pk": 1, "fields": {"password": "pbkdf2_sha256$720000$Q3vTXPt7VKtncnXIVqTUqY$Fwddlmk67LFy9zxbiweQigG2/TfoSLa/9X1fbMblO5E=", "last_login": "2024-03-17T11:23:15.050Z", "is_superuser": true, "first_name": "", "last_name": "", "is_staff": true, "is_active": true, "date_joined": "2024-03-09T17:53:51.078Z", "ph_number": "", "email": "admin@admin.com", "username": "", "groups": [], "user_permissions": []}}, {"model": "authentication.siteuser", "pk": 2, "fields": {"password": "pbkdf2_sha256$720000$8oq5YZpxXwhiZ6jfd2SRLx$4WBKsMy0etFtsK9AKdvR5yuTcp04HH/JaXHL875UbPQ=", "last_login": "2024-03-09T18:19:45Z", "is_superuser": false, "first_name": "Radha", "last_name": "Budha Magar", "is_staff": false, "is_active": true, "date_joined": "2024-03-09T17:56:40Z", "ph_number": "9768364200", "email": "radhabudhamagar8@gmail.com", "username": "Radha", "groups": [], "user_permissions": []}}, {"model": "authentication.siteuser", "pk": 3, "fields": {"password": "pbkdf2_sha256$720000$wrjGD9c8RfOsBNIfYUjBWq$9UjUm9YndP7Hb/qJQ+c440yR1rF6TElq+bnFSyA4ccg=", "last_login": null, "is_superuser": false, "first_name": "Radha", "last_name": "Budha Magar", "is_staff": false, "is_active": true, "date_joined": "2024-03-10T01:55:26.282Z", "ph_number": "9810859732", "email": "radhabudhamagar@gmail.com", "username": "", "groups": [], "user_permissions": []}}, {"model": "authentication.siteuser", "pk": 4, "fields": {"password": "pbkdf2_sha256$720000$NzBNdTiMYRheRjQ1a3zA4v$5rYiLQTmkoaQVZYosOkRuPKxqNALxNarkeog2uSwFjU=", "last_login": null, "is_superuser": false, "first_name": "Sarita", "last_name": "Tamang", "is_staff": false, "is_active": true, "date_joined": "2024-03-10T02:01:23.963Z", "ph_number": "9875623014", "email": "saritatamang@gmail.com", "username": "", "groups": [], "user_permissions": []}}, {"model": "authentication.siteuser", "pk": 5, "fields": {"password": "pbkdf2_sha256$720000$EHe4M4hz9q7dlAMUfjRbtj$BmUfSfcVPA7CrbtHAEZ4RFVvSDOcVDAZHkgaPsipMI4=", "last_login": null, "is_superuser": false, "first_name": "Ayush", "last_name": ".", "is_staff": false, "is_active": true, "date_joined": "2024-03-13T04:16:33.515Z", "ph_number": "9768364", "email": "a@a.com", "username": "", "groups": [], "user_permissions": []}}, {"model": "festivals.festival", "pk": 1, "fields": {"user": 2, "name": "Festival 2024", "date_time": "2024-05-01T12:00:00Z", "description": "Festival 2024", "past_description": null, "feature_image": "uploads/djangodbmodelsfieldscharfield/Home_salsa.png", "location": "Durbar Marg, Kathmandu", "is_next": true}}, {"model": "festivals.festival", "pk": 2, "fields": {"user": 1, "name": "Nepal Salsa Festival 2022", "date_time": "2022-12-05T12:00:00Z", "description": "Nepal Salsa Festival 2022", "past_description": "Gallery", "feature_image": "uploads/djangodbmodelsfieldscharfield/Past_event-main1.jpg", "location": "Kupondole, Lalitpur", "is_next": false}}, {"model": "festivals.festival", "pk": 3, "fields": {"user": 1, "name": "Nepal Salsa Festival 2023", "date_time": "2023-11-24T12:00:00Z", "description": "Nepal Salsa Festival 2023", "past_description": "scdsvbnmnhgrghjm", "feature_image": "uploads/djangodbmodelsfieldscharfield/salsa00.jpg", "location": "Naxal, Kathmandu", "is_next": false}}, {"model": "festivals.festivalimages", "pk": 1, "fields": {"festival": 2, "image": "uploads/nepal-salsa-festival-2022-Main-6.jpg", "image_title": "Nepal Salsa Festival 2022"}}, {"model": "festivals.festivalimages", "pk": 2, "fields": {"festival": 2, "image": "uploads/nepal-salsa-festival-2022-Main-1.jpg", "image_title": "Nepal Salsa Festival 2022"}}, {"model": "festivals.festivalimages", "pk": 3, "fields": {"festival": 2, "image": "uploads/nepal-salsa-festival-2022-Main-3.webp", "image_title": "Nepal Salsa Festival 2022"}}, {"model": "festivals.festivalimages", "pk": 4, "fields": {"festival": 2, "image": "uploads/nepal-salsa-festival-2022-Main-4.webp", "image_title": "Nepal Salsa Festival 2022"}}, {"model": "festivals.festivalimages", "pk": 5, "fields": {"festival": 2, "image": "uploads/nepal-salsa-festival-2022-Main-7.jpg", "image_title": "Nepal Salsa Festival 2022"}}, {"model": "festivals.festivalimages", "pk": 6, "fields": {"festival": 2, "image": "uploads/nepal-salsa-festival-2022-Main-8.webp", "image_title": "Nepal Salsa Festival 2022"}}, {"model": "festivals.festivalimages", "pk": 7, "fields": {"festival": 3, "image": "uploads/nepal-salsa-festival-2023-Past_event_main-2.webp", "image_title": "Nepal Salsa Festival 2023"}}, {"model": "festivals.festivalimages", "pk": 8, "fields": {"festival": 3, "image": "uploads/nepal-salsa-festival-2023-main2-1.jpg", "image_title": "Nepal Salsa Festival 2023"}}, {"model": "festivals.festivalimages", "pk": 9, "fields": {"festival": 3, "image": "uploads/nepal-salsa-festival-2023-main2-4.webp", "image_title": "Nepal Salsa Festival 2023"}}, {"model": "festivals.festivalimages", "pk": 10, "fields": {"festival": 3, "image": "uploads/nepal-salsa-festival-2023-main2-5.jpg", "image_title": "Nepal Salsa Festival 2023"}}, {"model": "festivals.festivalimages", "pk": 11, "fields": {"festival": 3, "image": "uploads/nepal-salsa-festival-2023-main2-3.jpg", "image_title": "Nepal Salsa Festival 2023"}}, {"model": "festivals.festivalimages", "pk": 12, "fields": {"festival": 3, "image": "uploads/nepal-salsa-festival-2023-main2-2.jpg", "image_title": "Nepal Salsa Festival 2023"}}, {"model": "festivals.danceperformers", "pk": 1, "fields": {"festival": 3, "name": "THE PUNKS", "act": "Group Dance", "image": "uploads/nepal-salsa-festival-2023-Dance_1.jpg"}}, {"model": "festivals.danceperformers", "pk": 2, "fields": {"festival": 3, "name": "HOMIES", "act": "Group Dance", "image": "uploads/nepal-salsa-festival-2023-Dance_2.jpg"}}, {"model": "festivals.danceperformers", "pk": 3, "fields": {"festival": 3, "name": "BOLAND", "act": "Solo Performer", "image": "uploads/nepal-salsa-festival-2023-Dance_4.jpg"}}, {"model": "festivals.danceperformers", "pk": 4, "fields": {"festival": 3, "name": "PRANISHA PARTH", "act": "Salsa Performer", "image": "uploads/nepal-salsa-festival-2023-Dance_5.jpg"}}, {"model": "festivals.danceperformers", "pk": 5, "fields": {"festival": 3, "name": "RIYA SHAH", "act": "Solo Performer", "image": "uploads/nepal-salsa-festival-2023-Dance_6.jpg"}}, {"model": "festivals.danceperformers", "pk": 6, "fields": {"festival": 3, "name": "SOBESH JHA", "act": "Solo Performer", "image": "uploads/nepal-salsa-festival-2023-Dance_3.jpg"}}, {"model": "festivals.musicians", "pk": 1, "fields": {"festival": 3, "name": "ALFRED TIMES", "act": "Band Music", "image": "uploads/nepal-salsa-festival-2023-Musicial_1.jpeg"}}, {"model": "festivals.musicians", "pk": 2, "fields": {"festival": 3, "name": "SAILESH PATH", "act": "Band Music", "image": "uploads/nepal-salsa-festival-2023-Musicial_2.jpg"}}, {"model": "festivals.musicians", "pk": 3, "fields": {"festival": 3, "name": "DAVID BECKHAM", "act": "Solo Music", "image": "uploads/nepal-salsa-festival-2023-Musicial_3.jpeg"}}, {"model": "festivals.musicians", "pk": 4, "fields": {"festival": 3, "name": "HARI BARAL", "act": "Solo Music", "image": "uploads/nepal-salsa-festival-2023-Musicial_4.jpg"}}, {"model": "festivals.emcees", "pk": 1, "fields": {"festival": 3, "name": "STAIN BECON", "image": "uploads/festival-2024-Host_1.png"}}, {"model": "festivals.emcees", "pk": 2, "fields": {"festival": 3, "name": "SOHIL SHAKYA", "image": "uploads/nepal-salsa-festival-2023-Host_2.png"}}, {"model": "festivals.foodvendors", "pk": 1, "fields": {"festival": 3, "name": "Radha's Omelet", "image": "uploads/nepal-salsa-festival-2023-Food_1.jpg"}}, {"model": "festivals.foodvendors", "pk": 2, "fields": {"festival": 3, "name": "21 Robins", "image": "uploads/nepal-salsa-festival-2023-Food_2.jpg"}}, {"model": "festivals.foodvendors", "pk": 3, "fields": {"festival": 3, "name": "Iceky Fast", "image": "uploads/nepal-salsa-festival-2023-Food_3.jpg"}}, {"model": "festivals.foodvendors", "pk": 4, "fields": {"festival": 3, "name": "Riya's Roll", "image": "uploads/nepal-salsa-festival-2023-Food_4.jpg"}}, {"model": "festivals.foodvendors", "pk": 5, "fields": {"festival": 3, "name": "Shank Burgers", "image": "uploads/nepal-salsa-festival-2023-Food_5.jpg"}}, {"model": "festivals.foodvendors", "pk": 6, "fields": {"festival": 3, "name": "Ram's Biryani", "image": "uploads/nepal-salsa-festival-2023-Food_6.jpg"}}, {"model": "festivals.ticket", "pk": 1, "fields": {"festival": 1, "ticket_type": "Regular", "price": 3500}}, {"model": "festivals.ticket", "pk": 2, "fields": {"festival": 1, "ticket_type": "Live Streaming", "price": 4500}}, {"model": "festivals.ticket", "pk": 3, "fields": {"festival": 1, "ticket_type": "VIP", "price": 5000}}]